{"name":"6. Post triangle without separator","id":"positive-tests;6.-post-triangle-without-separator","testSteps":[{"number":1,"description":"Given Delete all triangles","duration":1089,"startTime":"2020-06-02T20:47:39.620074400+03:00[Europe/Moscow]","result":"SUCCESS","precondition":false,"level":0},{"number":2,"description":"Given Post triangle with sides 1, 1, 1 without separator","duration":1089,"startTime":"2020-06-02T20:47:40.710862+03:00[Europe/Moscow]","result":"SUCCESS","precondition":false,"level":0},{"number":3,"description":"When The triangle has been saved","duration":1098,"startTime":"2020-06-02T20:47:41.801201600+03:00[Europe/Moscow]","result":"SUCCESS","precondition":false,"level":0},{"number":4,"description":"Then The triangle has correct perimeter value","duration":1061,"startTime":"2020-06-02T20:47:42.901163400+03:00[Europe/Moscow]","result":"SUCCESS","precondition":false,"level":0},{"number":5,"description":"And The triangle has correct area value","duration":1004,"startTime":"2020-06-02T20:47:43.964112600+03:00[Europe/Moscow]","result":"SUCCESS","precondition":false,"level":0}],"userStory":{"id":"positive-tests","storyName":"Positive tests","path":"file:///E:/cryptic/NateraTriangle/src/test/resources/features/positive/PositiveTests.feature","type":"feature"},"featureTag":{"name":"Positive/Positive tests","type":"feature","displayName":"Positive/Positive tests"},"title":"6. Post triangle without separator","backgroundTitle":"Delete all triangles","backgroundDescription":"","tags":[{"name":"Positive/Positive tests","type":"feature","displayName":"Positive tests"},{"name":"Positive","type":"capability","displayName":"Positive"},{"name":"Regress","type":"tag","displayName":"Regress"}],"startTime":"2020-06-02T20:47:39.617065800+03:00[Europe/Moscow]","duration":5352,"projectKey":"","isManualTestingUpToDate":false,"manual":false,"testSource":"Cucumber","result":"SUCCESS"}