{"name":"1. Test triangle adding","id":"positive-tests;1.-test-triangle-adding","testSteps":[{"number":1,"description":"Given Delete all triangles","duration":1044,"startTime":"2020-06-02T20:45:50.819444900+03:00[Europe/Moscow]","result":"SUCCESS","precondition":false,"level":0},{"number":2,"description":"Given Post triangle with sides 1, 1, 1","duration":1101,"startTime":"2020-06-02T20:45:51.865859800+03:00[Europe/Moscow]","result":"SUCCESS","precondition":false,"level":0},{"number":3,"description":"Then The triangle has been saved","duration":1118,"startTime":"2020-06-02T20:45:52.968851500+03:00[Europe/Moscow]","result":"SUCCESS","precondition":false,"level":0}],"userStory":{"id":"positive-tests","storyName":"Positive tests","path":"file:///E:/cryptic/NateraTriangle/src/test/resources/features/positive/PositiveTests.feature","type":"feature"},"featureTag":{"name":"Positive/Positive tests","type":"feature","displayName":"Positive/Positive tests"},"title":"1. Test triangle adding","backgroundTitle":"Delete all triangles","backgroundDescription":"","tags":[{"name":"Positive/Positive tests","type":"feature","displayName":"Positive tests"},{"name":"Positive","type":"capability","displayName":"Positive"},{"name":"Regress","type":"tag","displayName":"Regress"}],"startTime":"2020-06-02T20:45:50.810433500+03:00[Europe/Moscow]","duration":3277,"projectKey":"","isManualTestingUpToDate":false,"manual":false,"testSource":"Cucumber","result":"SUCCESS"}