{"name":"1. Test 11 triangle adding","id":"negative-tests;1.-test-11-triangle-adding","testSteps":[{"number":1,"description":"Given Delete all triangles","duration":1077,"startTime":"2020-06-02T20:44:59.147816600+03:00[Europe/Moscow]","result":"SUCCESS","precondition":false,"level":0},{"number":2,"description":"Given Post triangle with sides 1, 1, 1","duration":1033,"startTime":"2020-06-02T20:45:00.226479900+03:00[Europe/Moscow]","result":"SUCCESS","precondition":false,"level":0},{"number":3,"description":"And Post triangle with sides 1, 1, 1","duration":1021,"startTime":"2020-06-02T20:45:01.261760900+03:00[Europe/Moscow]","result":"SUCCESS","precondition":false,"level":0},{"number":4,"description":"And Post triangle with sides 1, 1, 1","duration":1111,"startTime":"2020-06-02T20:45:02.284083700+03:00[Europe/Moscow]","result":"SUCCESS","precondition":false,"level":0},{"number":5,"description":"And Post triangle with sides 1, 1, 1","duration":1149,"startTime":"2020-06-02T20:45:03.397197500+03:00[Europe/Moscow]","result":"SUCCESS","precondition":false,"level":0},{"number":6,"description":"And Post triangle with sides 1, 1, 1","duration":1111,"startTime":"2020-06-02T20:45:04.548620200+03:00[Europe/Moscow]","result":"SUCCESS","precondition":false,"level":0},{"number":7,"description":"And Post triangle with sides 1, 1, 1","duration":1089,"startTime":"2020-06-02T20:45:05.661207900+03:00[Europe/Moscow]","result":"SUCCESS","precondition":false,"level":0},{"number":8,"description":"And Post triangle with sides 1, 1, 1","duration":1056,"startTime":"2020-06-02T20:45:06.752616+03:00[Europe/Moscow]","result":"SUCCESS","precondition":false,"level":0},{"number":9,"description":"And Post triangle with sides 1, 1, 1","duration":1066,"startTime":"2020-06-02T20:45:07.811164+03:00[Europe/Moscow]","result":"SUCCESS","precondition":false,"level":0},{"number":10,"description":"And Post triangle with sides 1, 1, 1","duration":1086,"startTime":"2020-06-02T20:45:08.878541600+03:00[Europe/Moscow]","result":"SUCCESS","precondition":false,"level":0},{"number":11,"description":"And Post triangle with sides 1, 1, 1","duration":1084,"startTime":"2020-06-02T20:45:09.965769700+03:00[Europe/Moscow]","result":"SUCCESS","precondition":false,"level":0},{"number":12,"description":"And Post triangle with sides 1, 1, 1","duration":1142,"startTime":"2020-06-02T20:45:11.050826900+03:00[Europe/Moscow]","result":"SUCCESS","precondition":false,"level":0},{"number":13,"description":"Then Count of saved triangles should be 10","duration":1124,"startTime":"2020-06-02T20:45:12.193631800+03:00[Europe/Moscow]","exception":{"errorType":"java.lang.AssertionError","message":"Count of saved triangles \u002711\u0027 doesn\u0027t eaqual to expected count \u002710\u0027","stackTrace":[{"classLoaderName":"app","declaringClass":"stepdefinitions.TriangleAPISteps","methodName":"TrianglesCountShouldBe","fileName":"TriangleAPISteps.java","lineNumber":99,"format":1},{"declaringClass":"✽","methodName":"Count of saved triangles should be 10","fileName":"file:///E:/cryptic/NateraTriangle/src/test/resources/features/negative/NegativeTests.feature","lineNumber":21,"format":0}]},"result":"FAILURE","precondition":false,"level":0}],"userStory":{"id":"negative-tests","storyName":"Negative tests","path":"file:///E:/cryptic/NateraTriangle/src/test/resources/features/negative/NegativeTests.feature","type":"feature"},"featureTag":{"name":"Negative/Negative tests","type":"feature","displayName":"Negative/Negative tests"},"title":"1. Test 11 triangle adding","backgroundTitle":"Delete all triangles","backgroundDescription":"","tags":[{"name":"Negative/Negative tests","type":"feature","displayName":"Negative tests"},{"name":"Regress","type":"tag","displayName":"Regress"},{"name":"Negative","type":"capability","displayName":"Negative"}],"startTime":"2020-06-02T20:44:59.135806700+03:00[Europe/Moscow]","duration":14191,"testFailureCause":{"errorType":"java.lang.AssertionError","message":"Count of saved triangles \u002711\u0027 doesn\u0027t eaqual to expected count \u002710\u0027","stackTrace":[{"classLoaderName":"app","declaringClass":"stepdefinitions.TriangleAPISteps","methodName":"TrianglesCountShouldBe","fileName":"TriangleAPISteps.java","lineNumber":99,"format":1},{"declaringClass":"✽","methodName":"Count of saved triangles should be 10","fileName":"file:///E:/cryptic/NateraTriangle/src/test/resources/features/negative/NegativeTests.feature","lineNumber":21,"format":0}]},"testFailureClassname":"java.lang.AssertionError","testFailureMessage":"Count of saved triangles \u002711\u0027 doesn\u0027t eaqual to expected count \u002710\u0027","testFailureSummary":"FAILURE;java.lang.AssertionError;Count of saved triangles \u002711\u0027 doesn\u0027t eaqual to expected count \u002710\u0027;TriangleAPISteps.java","projectKey":"","annotatedResult":"FAILURE","isManualTestingUpToDate":false,"manual":false,"testSource":"Cucumber","result":"FAILURE"}