{"name":"2. Test adding not triangles","id":"negative-tests;2.-test-adding-not-triangles","testSteps":[{"number":1,"description":"Example: {firstSide\u003d1, secondSide\u003d2, thirdSide\u003d3}","duration":15060,"startTime":"2020-06-02T20:45:13.444599500+03:00[Europe/Moscow]","exception":{"errorType":"java.lang.AssertionError","message":"Triangle with id \u0027c433ff3f-36ff-4ac7-91fc-d535dbc99ed4\u0027 has been found","stackTrace":[{"classLoaderName":"app","declaringClass":"stepdefinitions.TriangleAPISteps","methodName":"triangleHasNotBeenSaved","fileName":"TriangleAPISteps.java","lineNumber":79,"format":1},{"declaringClass":"✽","methodName":"The triangle has not been saved","fileName":"file:///E:/cryptic/NateraTriangle/src/test/resources/features/negative/NegativeTests.feature","lineNumber":26,"format":0}]},"result":"FAILURE","precondition":false,"level":0,"lineNumber":30,"children":[{"number":2,"description":"Given Delete all triangles","duration":12861,"startTime":"2020-06-02T20:45:13.447602600+03:00[Europe/Moscow]","result":"SUCCESS","precondition":false,"level":1},{"number":3,"description":"Given Post triangle with sides 1, 2, 3","duration":1101,"startTime":"2020-06-02T20:45:26.313588100+03:00[Europe/Moscow]","result":"SUCCESS","precondition":false,"level":1},{"number":4,"description":"When The triangle has not been saved","duration":1049,"startTime":"2020-06-02T20:45:27.416525400+03:00[Europe/Moscow]","exception":{"errorType":"java.lang.AssertionError","message":"Triangle with id \u0027c433ff3f-36ff-4ac7-91fc-d535dbc99ed4\u0027 has been found","stackTrace":[{"classLoaderName":"app","declaringClass":"stepdefinitions.TriangleAPISteps","methodName":"triangleHasNotBeenSaved","fileName":"TriangleAPISteps.java","lineNumber":79,"format":1},{"declaringClass":"✽","methodName":"The triangle has not been saved","fileName":"file:///E:/cryptic/NateraTriangle/src/test/resources/features/negative/NegativeTests.feature","lineNumber":26,"format":0}]},"result":"FAILURE","precondition":false,"level":1}]},{"number":5,"description":"Example: {firstSide\u003d15, secondSide\u003d15, thirdSide\u003d30}","duration":4436,"startTime":"2020-06-02T20:45:28.530840500+03:00[Europe/Moscow]","exception":{"errorType":"java.lang.AssertionError","message":"Triangle with id \u00270356506f-f0db-4df4-b7b0-19e86524538b\u0027 has been found","stackTrace":[{"classLoaderName":"app","declaringClass":"stepdefinitions.TriangleAPISteps","methodName":"triangleHasNotBeenSaved","fileName":"TriangleAPISteps.java","lineNumber":79,"format":1},{"declaringClass":"✽","methodName":"The triangle has not been saved","fileName":"file:///E:/cryptic/NateraTriangle/src/test/resources/features/negative/NegativeTests.feature","lineNumber":26,"format":0}]},"result":"FAILURE","precondition":false,"level":0,"lineNumber":31,"children":[{"number":6,"description":"Given Delete all triangles","duration":2194,"startTime":"2020-06-02T20:45:28.534845700+03:00[Europe/Moscow]","result":"SUCCESS","precondition":false,"level":1},{"number":7,"description":"Given Post triangle with sides 15, 15, 30","duration":1105,"startTime":"2020-06-02T20:45:30.731314600+03:00[Europe/Moscow]","result":"SUCCESS","precondition":false,"level":1},{"number":8,"description":"When The triangle has not been saved","duration":1111,"startTime":"2020-06-02T20:45:31.838934800+03:00[Europe/Moscow]","exception":{"errorType":"java.lang.AssertionError","message":"Triangle with id \u00270356506f-f0db-4df4-b7b0-19e86524538b\u0027 has been found","stackTrace":[{"classLoaderName":"app","declaringClass":"stepdefinitions.TriangleAPISteps","methodName":"triangleHasNotBeenSaved","fileName":"TriangleAPISteps.java","lineNumber":79,"format":1},{"declaringClass":"✽","methodName":"The triangle has not been saved","fileName":"file:///E:/cryptic/NateraTriangle/src/test/resources/features/negative/NegativeTests.feature","lineNumber":26,"format":0}]},"result":"FAILURE","precondition":false,"level":1}]},{"number":9,"description":"Example: {firstSide\u003d500000, secondSide\u003d500000, thirdSide\u003d1000000}","duration":4194,"startTime":"2020-06-02T20:45:33.416873900+03:00[Europe/Moscow]","exception":{"errorType":"java.lang.AssertionError","message":"Triangle with id \u0027bf53bb90-c676-46b3-af8b-43842434a616\u0027 has been found","stackTrace":[{"classLoaderName":"app","declaringClass":"stepdefinitions.TriangleAPISteps","methodName":"triangleHasNotBeenSaved","fileName":"TriangleAPISteps.java","lineNumber":79,"format":1},{"declaringClass":"✽","methodName":"The triangle has not been saved","fileName":"file:///E:/cryptic/NateraTriangle/src/test/resources/features/negative/NegativeTests.feature","lineNumber":26,"format":0}]},"result":"FAILURE","precondition":false,"level":0,"lineNumber":32,"children":[{"number":10,"description":"Given Delete all triangles","duration":2117,"startTime":"2020-06-02T20:45:33.421881800+03:00[Europe/Moscow]","result":"SUCCESS","precondition":false,"level":1},{"number":11,"description":"Given Post triangle with sides 500000, 500000, 1000000","duration":1036,"startTime":"2020-06-02T20:45:35.541761400+03:00[Europe/Moscow]","result":"SUCCESS","precondition":false,"level":1},{"number":12,"description":"When The triangle has not been saved","duration":1023,"startTime":"2020-06-02T20:45:36.580747600+03:00[Europe/Moscow]","exception":{"errorType":"java.lang.AssertionError","message":"Triangle with id \u0027bf53bb90-c676-46b3-af8b-43842434a616\u0027 has been found","stackTrace":[{"classLoaderName":"app","declaringClass":"stepdefinitions.TriangleAPISteps","methodName":"triangleHasNotBeenSaved","fileName":"TriangleAPISteps.java","lineNumber":79,"format":1},{"declaringClass":"✽","methodName":"The triangle has not been saved","fileName":"file:///E:/cryptic/NateraTriangle/src/test/resources/features/negative/NegativeTests.feature","lineNumber":26,"format":0}]},"result":"FAILURE","precondition":false,"level":1}]},{"number":13,"description":"Example: {firstSide\u003d1, secondSide\u003d2, thirdSide\u003d4}","duration":4246,"startTime":"2020-06-02T20:45:37.618994300+03:00[Europe/Moscow]","result":"SUCCESS","precondition":false,"level":0,"lineNumber":33,"children":[{"number":14,"description":"Given Delete all triangles","duration":2123,"startTime":"2020-06-02T20:45:37.621503500+03:00[Europe/Moscow]","result":"SUCCESS","precondition":false,"level":1},{"number":15,"description":"Given Post triangle with sides 1, 2, 4","duration":1017,"startTime":"2020-06-02T20:45:39.746534800+03:00[Europe/Moscow]","result":"SUCCESS","precondition":false,"level":1},{"number":16,"description":"When The triangle has not been saved","duration":1097,"startTime":"2020-06-02T20:45:40.766280900+03:00[Europe/Moscow]","result":"SUCCESS","precondition":false,"level":1}]},{"number":17,"description":"Example: {firstSide\u003d15, secondSide\u003d15, thirdSide\u003d31}","duration":3099,"startTime":"2020-06-02T20:45:41.880866500+03:00[Europe/Moscow]","result":"SUCCESS","precondition":false,"level":0,"lineNumber":34,"children":[{"number":18,"description":"Given Delete all triangles","duration":1018,"startTime":"2020-06-02T20:45:41.883870700+03:00[Europe/Moscow]","result":"SUCCESS","precondition":false,"level":1},{"number":19,"description":"Given Post triangle with sides 15, 15, 31","duration":1025,"startTime":"2020-06-02T20:45:42.904595100+03:00[Europe/Moscow]","result":"SUCCESS","precondition":false,"level":1},{"number":20,"description":"When The triangle has not been saved","duration":1043,"startTime":"2020-06-02T20:45:43.935387800+03:00[Europe/Moscow]","result":"SUCCESS","precondition":false,"level":1}]},{"number":21,"description":"Example: {firstSide\u003d500000, secondSide\u003d500000, thirdSide\u003d1000001}","duration":3203,"startTime":"2020-06-02T20:45:45.399467500+03:00[Europe/Moscow]","result":"SUCCESS","precondition":false,"level":0,"lineNumber":35,"children":[{"number":22,"description":"Given Delete all triangles","duration":1084,"startTime":"2020-06-02T20:45:45.401471900+03:00[Europe/Moscow]","result":"SUCCESS","precondition":false,"level":1},{"number":23,"description":"Given Post triangle with sides 500000, 500000, 1000001","duration":1020,"startTime":"2020-06-02T20:45:46.486728200+03:00[Europe/Moscow]","result":"SUCCESS","precondition":false,"level":1},{"number":24,"description":"When The triangle has not been saved","duration":1090,"startTime":"2020-06-02T20:45:47.510856600+03:00[Europe/Moscow]","result":"SUCCESS","precondition":false,"level":1}]}],"userStory":{"id":"negative-tests","storyName":"Negative tests","path":"file:///E:/cryptic/NateraTriangle/src/test/resources/features/negative/NegativeTests.feature","type":"feature"},"featureTag":{"name":"Negative/Negative tests","type":"feature","displayName":"Negative/Negative tests"},"title":"2. Test adding not triangles","backgroundTitle":"Delete all triangles","backgroundDescription":"","tags":[{"name":"Negative/Negative tests","type":"feature","displayName":"Negative tests"},{"name":"Regress","type":"tag","displayName":"Regress"},{"name":"Negative","type":"capability","displayName":"Negative"}],"startTime":"2020-06-02T20:45:13.437586200+03:00[Europe/Moscow]","duration":35167,"testFailureCause":{"errorType":"java.lang.AssertionError","message":"Triangle with id \u0027c433ff3f-36ff-4ac7-91fc-d535dbc99ed4\u0027 has been found","stackTrace":[{"classLoaderName":"app","declaringClass":"stepdefinitions.TriangleAPISteps","methodName":"triangleHasNotBeenSaved","fileName":"TriangleAPISteps.java","lineNumber":79,"format":1},{"declaringClass":"✽","methodName":"The triangle has not been saved","fileName":"file:///E:/cryptic/NateraTriangle/src/test/resources/features/negative/NegativeTests.feature","lineNumber":26,"format":0}]},"testFailureClassname":"java.lang.AssertionError","testFailureMessage":"Triangle with id \u0027c433ff3f-36ff-4ac7-91fc-d535dbc99ed4\u0027 has been found","testFailureSummary":"FAILURE;java.lang.AssertionError;Triangle with id \u0027c433ff3f-36ff-4ac7-91fc-d535dbc99ed4\u0027 has been found;TriangleAPISteps.java","projectKey":"","isManualTestingUpToDate":false,"dataTable":{"headers":["firstSide","secondSide","thirdSide"],"rows":[{"values":["1","2","3"],"lineNumber":30,"result":"FAILURE"},{"values":["15","15","30"],"lineNumber":31,"result":"FAILURE"},{"values":["500000","500000","1000000"],"lineNumber":32,"result":"FAILURE"},{"values":["1","2","4"],"lineNumber":33,"result":"SUCCESS"},{"values":["15","15","31"],"lineNumber":34,"result":"SUCCESS"},{"values":["500000","500000","1000001"],"lineNumber":35,"result":"SUCCESS"}],"predefinedRows":true,"scenarioOutline":"Given Post triangle with sides \u003cfirstSide\u003e, \u003csecondSide\u003e, \u003cthirdSide\u003e\n\rWhen The triangle has not been saved\n\r","dataSetDescriptors":[{"startRow":0,"rowCount":0,"name":""}]},"manual":false,"testSource":"Cucumber","result":"FAILURE","scenarioOutline":"Given Post triangle with sides \u003cfirstSide\u003e, \u003csecondSide\u003e, \u003cthirdSide\u003e\r\nWhen The triangle has not been saved"}