{"name":"4. Test 10 triangle adding","id":"positive-tests;4.-test-10-triangle-adding","testSteps":[{"number":1,"description":"Given Delete all triangles","duration":2193,"startTime":"2020-06-02T20:47:12.841661+03:00[Europe/Moscow]","result":"SUCCESS","precondition":false,"level":0},{"number":2,"description":"Given Post triangle with sides 1, 1, 1","duration":1096,"startTime":"2020-06-02T20:47:15.035866100+03:00[Europe/Moscow]","result":"SUCCESS","precondition":false,"level":0},{"number":3,"description":"And Post triangle with sides 1, 1, 1","duration":1022,"startTime":"2020-06-02T20:47:16.132915700+03:00[Europe/Moscow]","result":"SUCCESS","precondition":false,"level":0},{"number":4,"description":"And Post triangle with sides 1, 1, 1","duration":1041,"startTime":"2020-06-02T20:47:17.156386200+03:00[Europe/Moscow]","result":"SUCCESS","precondition":false,"level":0},{"number":5,"description":"And Post triangle with sides 1, 1, 1","duration":1095,"startTime":"2020-06-02T20:47:18.197512300+03:00[Europe/Moscow]","result":"SUCCESS","precondition":false,"level":0},{"number":6,"description":"And Post triangle with sides 1, 1, 1","duration":1083,"startTime":"2020-06-02T20:47:19.294101300+03:00[Europe/Moscow]","result":"SUCCESS","precondition":false,"level":0},{"number":7,"description":"And Post triangle with sides 1, 1, 1","duration":1114,"startTime":"2020-06-02T20:47:20.378989800+03:00[Europe/Moscow]","result":"SUCCESS","precondition":false,"level":0},{"number":8,"description":"And Post triangle with sides 1, 1, 1","duration":1046,"startTime":"2020-06-02T20:47:21.494260700+03:00[Europe/Moscow]","result":"SUCCESS","precondition":false,"level":0},{"number":9,"description":"And Post triangle with sides 1, 1, 1","duration":1003,"startTime":"2020-06-02T20:47:22.542124900+03:00[Europe/Moscow]","result":"SUCCESS","precondition":false,"level":0},{"number":10,"description":"And Post triangle with sides 1, 1, 1","duration":1052,"startTime":"2020-06-02T20:47:23.546549+03:00[Europe/Moscow]","result":"SUCCESS","precondition":false,"level":0},{"number":11,"description":"And Post triangle with sides 1, 1, 1","duration":1096,"startTime":"2020-06-02T20:47:24.599918600+03:00[Europe/Moscow]","result":"SUCCESS","precondition":false,"level":0},{"number":12,"description":"Then Count of saved triangles should be 10","duration":1080,"startTime":"2020-06-02T20:47:25.696992300+03:00[Europe/Moscow]","result":"SUCCESS","precondition":false,"level":0}],"userStory":{"id":"positive-tests","storyName":"Positive tests","path":"file:///E:/cryptic/NateraTriangle/src/test/resources/features/positive/PositiveTests.feature","type":"feature"},"featureTag":{"name":"Positive/Positive tests","type":"feature","displayName":"Positive/Positive tests"},"title":"4. Test 10 triangle adding","backgroundTitle":"Delete all triangles","backgroundDescription":"","tags":[{"name":"Positive/Positive tests","type":"feature","displayName":"Positive tests"},{"name":"Positive","type":"capability","displayName":"Positive"},{"name":"Regress","type":"tag","displayName":"Regress"}],"startTime":"2020-06-02T20:47:12.831132500+03:00[Europe/Moscow]","duration":13948,"projectKey":"","isManualTestingUpToDate":false,"manual":false,"testSource":"Cucumber","result":"SUCCESS"}