{"name":"2. Test triangle perimeter","id":"positive-tests;2.-test-triangle-perimeter","testSteps":[{"number":1,"description":"Example: {firstSide\u003d1, secondSide\u003d1, thirdSide\u003d1}","duration":5305,"startTime":"2020-06-02T20:45:54.110430600+03:00[Europe/Moscow]","result":"SUCCESS","precondition":false,"level":0,"lineNumber":21,"children":[{"number":2,"description":"Given Delete all triangles","duration":2035,"startTime":"2020-06-02T20:45:54.112433800+03:00[Europe/Moscow]","result":"SUCCESS","precondition":false,"level":1},{"number":3,"description":"Given Post triangle with sides 1, 1, 1","duration":1041,"startTime":"2020-06-02T20:45:56.149644900+03:00[Europe/Moscow]","result":"SUCCESS","precondition":false,"level":1},{"number":4,"description":"When The triangle has been saved","duration":1071,"startTime":"2020-06-02T20:45:57.192647800+03:00[Europe/Moscow]","result":"SUCCESS","precondition":false,"level":1},{"number":5,"description":"Then The triangle has correct perimeter value","duration":1148,"startTime":"2020-06-02T20:45:58.265585+03:00[Europe/Moscow]","result":"SUCCESS","precondition":false,"level":1}]},{"number":6,"description":"Example: {firstSide\u003d1.5, secondSide\u003d1.5, thirdSide\u003d1.5}","duration":5311,"startTime":"2020-06-02T20:45:59.425848900+03:00[Europe/Moscow]","result":"SUCCESS","precondition":false,"level":0,"lineNumber":22,"children":[{"number":7,"description":"Given Delete all triangles","duration":2135,"startTime":"2020-06-02T20:45:59.428853300+03:00[Europe/Moscow]","result":"SUCCESS","precondition":false,"level":1},{"number":8,"description":"Given Post triangle with sides 1.5, 1.5, 1.5","duration":1059,"startTime":"2020-06-02T20:46:01.566763900+03:00[Europe/Moscow]","result":"SUCCESS","precondition":false,"level":1},{"number":9,"description":"When The triangle has been saved","duration":1009,"startTime":"2020-06-02T20:46:02.628488700+03:00[Europe/Moscow]","result":"SUCCESS","precondition":false,"level":1},{"number":10,"description":"Then The triangle has correct perimeter value","duration":1096,"startTime":"2020-06-02T20:46:03.639578300+03:00[Europe/Moscow]","result":"SUCCESS","precondition":false,"level":1}]},{"number":11,"description":"Example: {firstSide\u003d99999999, secondSide\u003d99999999, thirdSide\u003d99999999}","duration":5451,"startTime":"2020-06-02T20:46:18.209702+03:00[Europe/Moscow]","result":"SUCCESS","precondition":false,"level":0,"lineNumber":23,"children":[{"number":12,"description":"Given Delete all triangles","duration":2141,"startTime":"2020-06-02T20:46:18.210713200+03:00[Europe/Moscow]","result":"SUCCESS","precondition":false,"level":1},{"number":13,"description":"Given Post triangle with sides 99999999, 99999999, 99999999","duration":1135,"startTime":"2020-06-02T20:46:20.354280300+03:00[Europe/Moscow]","result":"SUCCESS","precondition":false,"level":1},{"number":14,"description":"When The triangle has been saved","duration":1041,"startTime":"2020-06-02T20:46:21.493094100+03:00[Europe/Moscow]","result":"SUCCESS","precondition":false,"level":1},{"number":15,"description":"Then The triangle has correct perimeter value","duration":1122,"startTime":"2020-06-02T20:46:22.536451+03:00[Europe/Moscow]","result":"SUCCESS","precondition":false,"level":1}]},{"number":16,"description":"Example: {firstSide\u003d3, secondSide\u003d3, thirdSide\u003d2}","duration":5537,"startTime":"2020-06-02T20:46:23.669835900+03:00[Europe/Moscow]","result":"SUCCESS","precondition":false,"level":0,"lineNumber":24,"children":[{"number":17,"description":"Given Delete all triangles","duration":2246,"startTime":"2020-06-02T20:46:23.672843400+03:00[Europe/Moscow]","result":"SUCCESS","precondition":false,"level":1},{"number":18,"description":"Given Post triangle with sides 3, 3, 2","duration":1020,"startTime":"2020-06-02T20:46:25.919989900+03:00[Europe/Moscow]","result":"SUCCESS","precondition":false,"level":1},{"number":19,"description":"When The triangle has been saved","duration":1094,"startTime":"2020-06-02T20:46:26.941173+03:00[Europe/Moscow]","result":"SUCCESS","precondition":false,"level":1},{"number":20,"description":"Then The triangle has correct perimeter value","duration":1168,"startTime":"2020-06-02T20:46:28.037210+03:00[Europe/Moscow]","result":"SUCCESS","precondition":false,"level":1}]},{"number":21,"description":"Example: {firstSide\u003d3, secondSide\u003d3, thirdSide\u003d5}","duration":5590,"startTime":"2020-06-02T20:46:29.213124100+03:00[Europe/Moscow]","result":"SUCCESS","precondition":false,"level":0,"lineNumber":25,"children":[{"number":22,"description":"Given Delete all triangles","duration":2294,"startTime":"2020-06-02T20:46:29.215127+03:00[Europe/Moscow]","result":"SUCCESS","precondition":false,"level":1},{"number":23,"description":"Given Post triangle with sides 3, 3, 5","duration":1131,"startTime":"2020-06-02T20:46:31.510759+03:00[Europe/Moscow]","result":"SUCCESS","precondition":false,"level":1},{"number":24,"description":"When The triangle has been saved","duration":1106,"startTime":"2020-06-02T20:46:32.643823800+03:00[Europe/Moscow]","result":"SUCCESS","precondition":false,"level":1},{"number":25,"description":"Then The triangle has correct perimeter value","duration":1038,"startTime":"2020-06-02T20:46:33.764656900+03:00[Europe/Moscow]","result":"SUCCESS","precondition":false,"level":1}]},{"number":26,"description":"Example: {firstSide\u003d3, secondSide\u003d4, thirdSide\u003d5}","duration":5341,"startTime":"2020-06-02T20:46:34.815781600+03:00[Europe/Moscow]","result":"SUCCESS","precondition":false,"level":0,"lineNumber":26,"children":[{"number":27,"description":"Given Delete all triangles","duration":2042,"startTime":"2020-06-02T20:46:34.819792400+03:00[Europe/Moscow]","result":"SUCCESS","precondition":false,"level":1},{"number":28,"description":"Given Post triangle with sides 3, 4, 5","duration":1110,"startTime":"2020-06-02T20:46:36.864057500+03:00[Europe/Moscow]","result":"SUCCESS","precondition":false,"level":1},{"number":29,"description":"When The triangle has been saved","duration":1069,"startTime":"2020-06-02T20:46:37.976600300+03:00[Europe/Moscow]","result":"SUCCESS","precondition":false,"level":1},{"number":30,"description":"Then The triangle has correct perimeter value","duration":1108,"startTime":"2020-06-02T20:46:39.046637900+03:00[Europe/Moscow]","result":"SUCCESS","precondition":false,"level":1}]}],"userStory":{"id":"positive-tests","storyName":"Positive tests","path":"file:///E:/cryptic/NateraTriangle/src/test/resources/features/positive/PositiveTests.feature","type":"feature"},"featureTag":{"name":"Positive/Positive tests","type":"feature","displayName":"Positive/Positive tests"},"title":"2. Test triangle perimeter","backgroundTitle":"Delete all triangles","backgroundDescription":"","tags":[{"name":"Positive/Positive tests","type":"feature","displayName":"Positive tests"},{"name":"Positive","type":"capability","displayName":"Positive"},{"name":"Regress","type":"tag","displayName":"Regress"}],"startTime":"2020-06-02T20:45:54.104422200+03:00[Europe/Moscow]","duration":46054,"projectKey":"","isManualTestingUpToDate":false,"dataTable":{"headers":["firstSide","secondSide","thirdSide"],"rows":[{"values":["1","1","1"],"lineNumber":21,"result":"SUCCESS"},{"values":["1.5","1.5","1.5"],"lineNumber":22,"result":"SUCCESS"},{"values":["99999999","99999999","99999999"],"lineNumber":23,"result":"SUCCESS"},{"values":["3","3","2"],"lineNumber":24,"result":"SUCCESS"},{"values":["3","3","5"],"lineNumber":25,"result":"SUCCESS"},{"values":["3","4","5"],"lineNumber":26,"result":"SUCCESS"}],"predefinedRows":true,"scenarioOutline":"Given Post triangle with sides \u003cfirstSide\u003e, \u003csecondSide\u003e, \u003cthirdSide\u003e\n\rWhen The triangle has been saved\n\rThen The triangle has correct perimeter value\n\r","dataSetDescriptors":[{"startRow":0,"rowCount":0,"name":""}]},"manual":false,"testSource":"Cucumber","result":"SUCCESS","scenarioOutline":"Given Post triangle with sides \u003cfirstSide\u003e, \u003csecondSide\u003e, \u003cthirdSide\u003e\r\nWhen The triangle has been saved\r\nThen The triangle has correct perimeter value"}