{"name":"3. Test triangle area","id":"positive-tests;3.-test-triangle-area","testSteps":[{"number":1,"description":"Example: {firstSide\u003d1, secondSide\u003d1, thirdSide\u003d1}","duration":5428,"startTime":"2020-06-02T20:46:40.182279400+03:00[Europe/Moscow]","result":"SUCCESS","precondition":false,"level":0,"lineNumber":36,"children":[{"number":2,"description":"Given Delete all triangles","duration":2198,"startTime":"2020-06-02T20:46:40.184283100+03:00[Europe/Moscow]","result":"SUCCESS","precondition":false,"level":1},{"number":3,"description":"Given Post triangle with sides 1, 1, 1","duration":1055,"startTime":"2020-06-02T20:46:42.384916800+03:00[Europe/Moscow]","result":"SUCCESS","precondition":false,"level":1},{"number":4,"description":"When The triangle has been saved","duration":1123,"startTime":"2020-06-02T20:46:43.441932300+03:00[Europe/Moscow]","result":"SUCCESS","precondition":false,"level":1},{"number":5,"description":"Then The triangle has correct area value","duration":1044,"startTime":"2020-06-02T20:46:44.566193700+03:00[Europe/Moscow]","result":"SUCCESS","precondition":false,"level":1}]},{"number":6,"description":"Example: {firstSide\u003d1.5, secondSide\u003d1.5, thirdSide\u003d1.5}","duration":5547,"startTime":"2020-06-02T20:46:45.629268100+03:00[Europe/Moscow]","result":"SUCCESS","precondition":false,"level":0,"lineNumber":37,"children":[{"number":7,"description":"Given Delete all triangles","duration":2225,"startTime":"2020-06-02T20:46:45.633274400+03:00[Europe/Moscow]","result":"SUCCESS","precondition":false,"level":1},{"number":8,"description":"Given Post triangle with sides 1.5, 1.5, 1.5","duration":1142,"startTime":"2020-06-02T20:46:47.860528400+03:00[Europe/Moscow]","result":"SUCCESS","precondition":false,"level":1},{"number":9,"description":"When The triangle has been saved","duration":1136,"startTime":"2020-06-02T20:46:49.005050400+03:00[Europe/Moscow]","result":"SUCCESS","precondition":false,"level":1},{"number":10,"description":"Then The triangle has correct area value","duration":1033,"startTime":"2020-06-02T20:46:50.142208900+03:00[Europe/Moscow]","result":"SUCCESS","precondition":false,"level":1}]},{"number":11,"description":"Example: {firstSide\u003d99999999, secondSide\u003d99999999, thirdSide\u003d99999999}","duration":5561,"startTime":"2020-06-02T20:46:51.185779800+03:00[Europe/Moscow]","result":"SUCCESS","precondition":false,"level":0,"lineNumber":38,"children":[{"number":12,"description":"Given Delete all triangles","duration":2189,"startTime":"2020-06-02T20:46:51.188784600+03:00[Europe/Moscow]","result":"SUCCESS","precondition":false,"level":1},{"number":13,"description":"Given Post triangle with sides 99999999, 99999999, 99999999","duration":1123,"startTime":"2020-06-02T20:46:53.379915700+03:00[Europe/Moscow]","result":"SUCCESS","precondition":false,"level":1},{"number":14,"description":"When The triangle has been saved","duration":1159,"startTime":"2020-06-02T20:46:54.505306600+03:00[Europe/Moscow]","result":"SUCCESS","precondition":false,"level":1},{"number":15,"description":"Then The triangle has correct area value","duration":1078,"startTime":"2020-06-02T20:46:55.666030500+03:00[Europe/Moscow]","result":"SUCCESS","precondition":false,"level":1}]},{"number":16,"description":"Example: {firstSide\u003d3, secondSide\u003d3, thirdSide\u003d2}","duration":5322,"startTime":"2020-06-02T20:46:56.757847900+03:00[Europe/Moscow]","result":"SUCCESS","precondition":false,"level":0,"lineNumber":39,"children":[{"number":17,"description":"Given Delete all triangles","duration":2162,"startTime":"2020-06-02T20:46:56.760872800+03:00[Europe/Moscow]","result":"SUCCESS","precondition":false,"level":1},{"number":18,"description":"Given Post triangle with sides 3, 3, 2","duration":1107,"startTime":"2020-06-02T20:46:58.928896400+03:00[Europe/Moscow]","result":"SUCCESS","precondition":false,"level":1},{"number":19,"description":"When The triangle has been saved","duration":1009,"startTime":"2020-06-02T20:47:00.037034500+03:00[Europe/Moscow]","result":"SUCCESS","precondition":false,"level":1},{"number":20,"description":"Then The triangle has correct area value","duration":1031,"startTime":"2020-06-02T20:47:01.048033900+03:00[Europe/Moscow]","result":"SUCCESS","precondition":false,"level":1}]},{"number":21,"description":"Example: {firstSide\u003d3, secondSide\u003d3, thirdSide\u003d5}","duration":5373,"startTime":"2020-06-02T20:47:02.089527200+03:00[Europe/Moscow]","result":"SUCCESS","precondition":false,"level":0,"lineNumber":40,"children":[{"number":22,"description":"Given Delete all triangles","duration":2182,"startTime":"2020-06-02T20:47:02.092531400+03:00[Europe/Moscow]","result":"SUCCESS","precondition":false,"level":1},{"number":23,"description":"Given Post triangle with sides 3, 3, 5","duration":1074,"startTime":"2020-06-02T20:47:04.276933+03:00[Europe/Moscow]","result":"SUCCESS","precondition":false,"level":1},{"number":24,"description":"When The triangle has been saved","duration":1098,"startTime":"2020-06-02T20:47:05.352250900+03:00[Europe/Moscow]","result":"SUCCESS","precondition":false,"level":1},{"number":25,"description":"Then The triangle has correct area value","duration":1001,"startTime":"2020-06-02T20:47:06.460629+03:00[Europe/Moscow]","result":"SUCCESS","precondition":false,"level":1}]},{"number":26,"description":"Example: {firstSide\u003d3, secondSide\u003d4, thirdSide\u003d5}","duration":5337,"startTime":"2020-06-02T20:47:07.473263500+03:00[Europe/Moscow]","result":"SUCCESS","precondition":false,"level":0,"lineNumber":41,"children":[{"number":27,"description":"Given Delete all triangles","duration":2189,"startTime":"2020-06-02T20:47:07.476283700+03:00[Europe/Moscow]","result":"SUCCESS","precondition":false,"level":1},{"number":28,"description":"Given Post triangle with sides 3, 4, 5","duration":1028,"startTime":"2020-06-02T20:47:09.667681+03:00[Europe/Moscow]","result":"SUCCESS","precondition":false,"level":1},{"number":29,"description":"When The triangle has been saved","duration":1088,"startTime":"2020-06-02T20:47:10.697938200+03:00[Europe/Moscow]","result":"SUCCESS","precondition":false,"level":1},{"number":30,"description":"Then The triangle has correct area value","duration":1021,"startTime":"2020-06-02T20:47:11.788268+03:00[Europe/Moscow]","result":"SUCCESS","precondition":false,"level":1}]}],"userStory":{"id":"positive-tests","storyName":"Positive tests","path":"file:///E:/cryptic/NateraTriangle/src/test/resources/features/positive/PositiveTests.feature","type":"feature"},"featureTag":{"name":"Positive/Positive tests","type":"feature","displayName":"Positive/Positive tests"},"title":"3. Test triangle area","backgroundTitle":"Delete all triangles","backgroundDescription":"","tags":[{"name":"Positive/Positive tests","type":"feature","displayName":"Positive tests"},{"name":"Positive","type":"capability","displayName":"Positive"},{"name":"Regress","type":"tag","displayName":"Regress"}],"startTime":"2020-06-02T20:46:40.170262+03:00[Europe/Moscow]","duration":32642,"projectKey":"","isManualTestingUpToDate":false,"dataTable":{"headers":["firstSide","secondSide","thirdSide"],"rows":[{"values":["1","1","1"],"lineNumber":36,"result":"SUCCESS"},{"values":["1.5","1.5","1.5"],"lineNumber":37,"result":"SUCCESS"},{"values":["99999999","99999999","99999999"],"lineNumber":38,"result":"SUCCESS"},{"values":["3","3","2"],"lineNumber":39,"result":"SUCCESS"},{"values":["3","3","5"],"lineNumber":40,"result":"SUCCESS"},{"values":["3","4","5"],"lineNumber":41,"result":"SUCCESS"}],"predefinedRows":true,"scenarioOutline":"Given Post triangle with sides \u003cfirstSide\u003e, \u003csecondSide\u003e, \u003cthirdSide\u003e\n\rWhen The triangle has been saved\n\rThen The triangle has correct area value\n\r","dataSetDescriptors":[{"startRow":0,"rowCount":0,"name":""}]},"manual":false,"testSource":"Cucumber","result":"SUCCESS","scenarioOutline":"Given Post triangle with sides \u003cfirstSide\u003e, \u003csecondSide\u003e, \u003cthirdSide\u003e\r\nWhen The triangle has been saved\r\nThen The triangle has correct area value"}