{"name":"5. Post triangle with not default separator","id":"positive-tests;5.-post-triangle-with-not-default-separator","testSteps":[{"number":1,"description":"Given Delete all triangles","duration":11682,"startTime":"2020-06-02T20:47:26.795770800+03:00[Europe/Moscow]","result":"SUCCESS","precondition":false,"level":0},{"number":2,"description":"Given Post triangle with sides 1, 1, 1 using separator |","duration":1094,"startTime":"2020-06-02T20:47:38.479669+03:00[Europe/Moscow]","result":"SUCCESS","precondition":false,"level":0},{"number":3,"description":"When The triangle has been saved","duration":11,"startTime":"2020-06-02T20:47:39.574986900+03:00[Europe/Moscow]","exception":{"errorType":"java.lang.AssertionError","message":"The triangle did not found on server","stackTrace":[{"classLoaderName":"app","declaringClass":"stepdefinitions.TriangleAPISteps","methodName":"triangleHasBeenSaved","fileName":"TriangleAPISteps.java","lineNumber":72,"format":1},{"declaringClass":"✽","methodName":"The triangle has been saved","fileName":"file:///E:/cryptic/NateraTriangle/src/test/resources/features/positive/PositiveTests.feature","lineNumber":59,"format":0}]},"result":"FAILURE","precondition":false,"level":0},{"number":4,"description":"Then The triangle has correct perimeter value","duration":4,"startTime":"2020-06-02T20:47:39.601026+03:00[Europe/Moscow]","result":"SKIPPED","precondition":false,"level":0},{"number":5,"description":"And The triangle has correct area value","duration":4,"startTime":"2020-06-02T20:47:39.606033500+03:00[Europe/Moscow]","result":"SKIPPED","precondition":false,"level":0}],"userStory":{"id":"positive-tests","storyName":"Positive tests","path":"file:///E:/cryptic/NateraTriangle/src/test/resources/features/positive/PositiveTests.feature","type":"feature"},"featureTag":{"name":"Positive/Positive tests","type":"feature","displayName":"Positive/Positive tests"},"title":"5. Post triangle with not default separator","backgroundTitle":"Delete all triangles","backgroundDescription":"","tags":[{"name":"Positive/Positive tests","type":"feature","displayName":"Positive tests"},{"name":"Positive","type":"capability","displayName":"Positive"},{"name":"Regress","type":"tag","displayName":"Regress"}],"startTime":"2020-06-02T20:47:26.789237300+03:00[Europe/Moscow]","duration":12822,"testFailureCause":{"errorType":"java.lang.AssertionError","message":"The triangle did not found on server","stackTrace":[{"classLoaderName":"app","declaringClass":"stepdefinitions.TriangleAPISteps","methodName":"triangleHasBeenSaved","fileName":"TriangleAPISteps.java","lineNumber":72,"format":1},{"declaringClass":"✽","methodName":"The triangle has been saved","fileName":"file:///E:/cryptic/NateraTriangle/src/test/resources/features/positive/PositiveTests.feature","lineNumber":59,"format":0}]},"testFailureClassname":"java.lang.AssertionError","testFailureMessage":"The triangle did not found on server","testFailureSummary":"FAILURE;java.lang.AssertionError;The triangle did not found on server;TriangleAPISteps.java","projectKey":"","annotatedResult":"FAILURE","isManualTestingUpToDate":false,"manual":false,"testSource":"Cucumber","result":"FAILURE"}