{"name":"7. Delete triangle","id":"positive-tests;7.-delete-triangle","testSteps":[{"number":1,"description":"Given Delete all triangles","duration":2083,"startTime":"2020-06-02T20:47:45.013017+03:00[Europe/Moscow]","result":"SUCCESS","precondition":false,"level":0},{"number":2,"description":"Given Post triangle with sides 1, 1, 1","duration":1117,"startTime":"2020-06-02T20:47:47.097371400+03:00[Europe/Moscow]","result":"SUCCESS","precondition":false,"level":0},{"number":3,"description":"When The triangle has been saved","duration":1085,"startTime":"2020-06-02T20:47:48.215600200+03:00[Europe/Moscow]","result":"SUCCESS","precondition":false,"level":0},{"number":4,"description":"And Delete the triangle","duration":1071,"startTime":"2020-06-02T20:47:49.301913700+03:00[Europe/Moscow]","result":"SUCCESS","precondition":false,"level":0},{"number":5,"description":"Then The triangle doesn\u0027t exist on server","duration":1073,"startTime":"2020-06-02T20:47:50.374291+03:00[Europe/Moscow]","result":"SUCCESS","precondition":false,"level":0}],"userStory":{"id":"positive-tests","storyName":"Positive tests","path":"file:///E:/cryptic/NateraTriangle/src/test/resources/features/positive/PositiveTests.feature","type":"feature"},"featureTag":{"name":"Positive/Positive tests","type":"feature","displayName":"Positive/Positive tests"},"title":"7. Delete triangle","backgroundTitle":"Delete all triangles","backgroundDescription":"","tags":[{"name":"Positive/Positive tests","type":"feature","displayName":"Positive tests"},{"name":"Positive","type":"capability","displayName":"Positive"},{"name":"Regress","type":"tag","displayName":"Regress"}],"startTime":"2020-06-02T20:47:44.997996800+03:00[Europe/Moscow]","duration":6450,"projectKey":"","isManualTestingUpToDate":false,"manual":false,"testSource":"Cucumber","result":"SUCCESS"}