{"name":"1. Post triangle without authentication token","id":"authentication.-negative;1.-post-triangle-without-authentication-token","testSteps":[{"number":1,"description":"Given Delete all triangles","duration":3700,"startTime":"2020-06-02T20:44:49.839923900+03:00[Europe/Moscow]","result":"SUCCESS","precondition":false,"level":0},{"number":2,"description":"Given Post triangle without authenticate token","duration":1137,"startTime":"2020-06-02T20:44:53.545853300+03:00[Europe/Moscow]","result":"SUCCESS","precondition":false,"level":0},{"number":3,"description":"When Response contains 401 status code","duration":16,"startTime":"2020-06-02T20:44:54.685006500+03:00[Europe/Moscow]","result":"SUCCESS","precondition":false,"level":0},{"number":4,"description":"Then Count of saved triangles should be 0","duration":1031,"startTime":"2020-06-02T20:44:54.702030400+03:00[Europe/Moscow]","result":"SUCCESS","precondition":false,"level":0}],"userStory":{"id":"authentication.-negative","storyName":"Authentication. Negative","path":"file:///E:/cryptic/NateraTriangle/src/test/resources/features/negative/NegativeAuthentication.feature","type":"feature"},"featureTag":{"name":"Negative/Authentication. Negative","type":"feature","displayName":"Negative/Authentication. Negative"},"title":"1. Post triangle without authentication token","backgroundTitle":"Delete all triangles","backgroundDescription":"","tags":[{"name":"Negative/Authentication. Negative","type":"feature","displayName":"Authentication. Negative"},{"name":"Regress","type":"tag","displayName":"Regress"},{"name":"Negative","type":"capability","displayName":"Negative"}],"startTime":"2020-06-02T20:44:49.682670900+03:00[Europe/Moscow]","duration":6056,"projectKey":"","isManualTestingUpToDate":false,"manual":false,"testSource":"Cucumber","result":"SUCCESS"}