{"name":"3. Test getting not existing triangle","id":"negative-tests;3.-test-getting-not-existing-triangle","testSteps":[{"number":1,"description":"Given Delete all triangles","duration":1086,"startTime":"2020-06-02T20:45:48.627102100+03:00[Europe/Moscow]","result":"SUCCESS","precondition":false,"level":0},{"number":2,"description":"Given Get not existing triangle","duration":1078,"startTime":"2020-06-02T20:45:49.715007+03:00[Europe/Moscow]","result":"SUCCESS","precondition":false,"level":0},{"number":3,"description":"Then Response contains 404 status code","duration":2,"startTime":"2020-06-02T20:45:50.795426700+03:00[Europe/Moscow]","result":"SUCCESS","precondition":false,"level":0}],"userStory":{"id":"negative-tests","storyName":"Negative tests","path":"file:///E:/cryptic/NateraTriangle/src/test/resources/features/negative/NegativeTests.feature","type":"feature"},"featureTag":{"name":"Negative/Negative tests","type":"feature","displayName":"Negative/Negative tests"},"title":"3. Test getting not existing triangle","backgroundTitle":"Delete all triangles","backgroundDescription":"","tags":[{"name":"Negative/Negative tests","type":"feature","displayName":"Negative tests"},{"name":"Regress","type":"tag","displayName":"Regress"},{"name":"Negative","type":"capability","displayName":"Negative"}],"startTime":"2020-06-02T20:45:48.619089600+03:00[Europe/Moscow]","duration":2179,"projectKey":"","isManualTestingUpToDate":false,"manual":false,"testSource":"Cucumber","result":"SUCCESS"}