{"name":"2. Post triangle with wrong authentication token","id":"authentication.-negative;2.-post-triangle-with-wrong-authentication-token","testSteps":[{"number":1,"description":"Given Delete all triangles","duration":1092,"startTime":"2020-06-02T20:44:55.766769500+03:00[Europe/Moscow]","result":"SUCCESS","precondition":false,"level":0},{"number":2,"description":"Given Post triangle with wrong authenticate token","duration":1124,"startTime":"2020-06-02T20:44:56.859831600+03:00[Europe/Moscow]","result":"SUCCESS","precondition":false,"level":0},{"number":3,"description":"When Response contains 401 status code","duration":3,"startTime":"2020-06-02T20:44:57.985491100+03:00[Europe/Moscow]","result":"SUCCESS","precondition":false,"level":0},{"number":4,"description":"Then Count of saved triangles should be 0","duration":1111,"startTime":"2020-06-02T20:44:57.990502900+03:00[Europe/Moscow]","result":"SUCCESS","precondition":false,"level":0}],"userStory":{"id":"authentication.-negative","storyName":"Authentication. Negative","path":"file:///E:/cryptic/NateraTriangle/src/test/resources/features/negative/NegativeAuthentication.feature","type":"feature"},"featureTag":{"name":"Negative/Authentication. Negative","type":"feature","displayName":"Negative/Authentication. Negative"},"title":"2. Post triangle with wrong authentication token","backgroundTitle":"Delete all triangles","backgroundDescription":"","tags":[{"name":"Negative/Authentication. Negative","type":"feature","displayName":"Authentication. Negative"},{"name":"Regress","type":"tag","displayName":"Regress"},{"name":"Negative","type":"capability","displayName":"Negative"}],"startTime":"2020-06-02T20:44:55.756754100+03:00[Europe/Moscow]","duration":3346,"projectKey":"","isManualTestingUpToDate":false,"manual":false,"testSource":"Cucumber","result":"SUCCESS"}